{
    "rmse": 0.6804104188688925,
    "mae": 0.5273559448201016,
    "r2": 0.2884132522205015
}